player_norm,avg_runs_last10,matches_count
a aitken-drummond,9.75,8
a ashok,10.0,1
a athanaze,21.3,10
a bagai,40.0,10
a balbirnie,33.8,10
a beggs,0.0,1
a bohara,6.5,2
a bosch,22.7,10
a brindle,28.8,10
a canning,6.2,10
a capsey,20.4,10
a chopra,0.0,1
a codrington,5.5,6
a dalzell,7.0,5
a dananjaya,10.4,10
a das,1.0,1
a dercksen,39.8,10
a dutt,4.1,10
a flintoff,30.4,10
a flower,47.43,7
a gardner,34.9,10
a hartley,0.8,5
a hlubi,3.25,4
a hunter,34.9,10
a johnson,18.3,10
a khaka,3.5,10
a king,14.7,10
a kolan,22.14,7
a kumble,4.9,10
a le breton,3.0,1
a lister,23.67,9
a maregwede,13.5,8
a martin,2.0,5
a mazvishaya,7.71,7
a mcgrath,12.2,10
a minny,35.33,3
a mishra,4.3,10
a mithun,17.0,3
a mohammed,4.9,10
a munisar,2.0,2
a nao,4.1,10
a ndiraya,30.6,10
a nehra,1.7,10
a neill,4.83,6
a nel,8.1,10
a nortje,5.71,7
a patel,25.0,1
a phillip,11.0,2
a rawat,76.5,2
a reddy,8.8,5
a saud,13.8,10
a shahzad,5.0,8
a shamshudeen,3.0,1
a sharafu,20.2,10
a sharma,20.2,10
a shrubsole,3.8,10
a steyn,24.7,10
a sutherland,37.6,10
a suwanchonrathi,3.0,1
a symonds,31.6,10
a tector,7.8,5
a vala,28.5,10
a valthapa,14.0,1
a van der merwe,4.0,1
a wellington,1.5,4
a zampa,9.1,10
a zimunu,14.0,2
aa alleyne,15.1,10
aa deshpande,32.0,1
aa jangoo,30.6,5
aa mulla,18.75,8
aa obanda,26.9,10
aa paradkar,10.2,5
aa shafique,13.0,1
aaditya varadarajan,12.0,3
aamer jamal,2.5,2
aamer yamin,31.67,3
aamir kaleem,14.2,10
aap atkinson,13.0,8
aarif sheikh,38.5,10
aaron jones,28.5,10
aasif sheikh,13.3,10
aayan afzal khan,6.2,10
ab agarkar,4.9,10
ab barath,27.7,10
ab de villiers,35.7,10
ab dinda,4.2,5
ab kaur,10.89,9
abdul jabbar,29.5,2
abdul razzaq,12.5,10
abdul shakoor,17.0,2
abdullah shafique,17.5,10
abdur razzak,11.6,10
abdur rehman,6.8,10
abid ali,39.0,6
abrar ahmed,7.0,4
abul hasan,3.67,3
ac agar,17.8,10
ac botha,15.1,10
ac cummins,7.0,3
ac dawson,23.0,1
ac evans,5.7,10
ac gilchrist,32.2,10
ac jayangani,23.4,10
ac kerr,34.1,10
ac voges,25.2,10
ad hales,41.0,10
ad janakanthymala,0.5,2
ad mascarenhas,23.5,10
ad mathews,20.8,10
ad poynter,10.83,6
ad russell,16.7,10
adeel raja,2.6,5
adj pitcher,8.0,1
adnan akmal,15.5,4
adnan mufti,23.9,10
adr campbell,7.0,1
ads fletcher,9.8,10
ae jones,46.7,10
ae satterthwaite,27.8,10
ae smith,45.0,1
af buurman,13.0,2
af giles,18.3,10
af milne,5.0,10
af sattaur,6.67,3
afif hossain,17.2,10
aftab ahmed,13.7,10
afzaal haider,0.0,1
ag cremer,10.0,10
ag prince,19.5,10
ag puttick,0.0,1
ag wharf,3.8,5
agc vimukthi,3.5,2
agha salman,38.0,10
ags gous,33.7,10
ah maqsood,2.5,8
ah thomson,8.0,2
ahmed raza,6.9,10
ahmed shehzad,16.5,10
ahsan malik,2.0,2
ai chudasama,17.29,7
aijaz ali,2.5,2
aiman anwer,3.0,5
aizaz cheema,4.33,6
aizaz khan,14.3,10
aj bichel,12.1,10
aj blackwell,38.5,10
aj burger,33.17,6
aj finch,10.7,10
aj hall,14.4,10
aj healy,32.3,10
aj hosein,5.4,10
aj ireland,1.71,7
aj kenealy,6.5,6
aj mckay,1.33,9
aj redmond,25.33,6
aj stewart,28.7,10
aj strauss,40.0,10
aj turner,27.43,7
aj tye,8.14,7
ak maguire,3.14,7
ak markram,31.4,10
ak perera,13.0,4
ak peters,1.5,4
ak sah,15.3,10
akeem jordan,3.0,1
akhil kumar,6.5,4
akif javed,3.33,3
akram khan,28.5,2
akshay homraj,19.88,8
al hodgkinson,40.33,3
al kandappah,48.5,2
al phehlukwayo,10.9,10
al sahariar,7.33,6
al watkins,0.0,1
al-amin hossain,0.67,6
alawi shukri,1.0,1
ali khan,2.22,9
ali nadeem,23.0,3
ali naseer,19.7,10
aliya riaz,31.4,10
alok kapali,22.0,10
am bacher,20.4,5
am blignaut,12.6,10
am ellis,11.4,10
am fernando,1.0,7
am guruge,7.0,2
am hardie,15.1,10
am mccarthy,7.5,2
am nayar,0.0,1
am peterson,13.1,10
am phangiso,7.2,10
am rahane,38.4,10
am samad,22.6,10
am tribe,58.25,4
aman ali,0.0,1
amir hayat,6.2,5
amjad ali,24.9,10
amjad javed,20.3,10
an cook,23.7,10
an davidson-richards,22.86,7
an kelly,12.2,10
an kervezee,12.22,9
an petersen,15.6,10
anam amin,2.8,10
anamul haque,22.7,10
ankur sharma,16.0,2
anop santosh,2.0,1
ansh tandon,10.0,1
anshuman rath,32.5,10
anwar ali,20.0,10
ao suji,7.0,6
ap devcich,17.3,10
apc kilowan,21.0,1
aps lakshika,0.0,1
aqib ilyas,28.0,10
ar adams,12.9,10
ar berenger,8.83,6
ar bisht,7.5,2
ar caddick,6.4,10
ar cusack,6.5,10
ar mcbrine,15.0,10
ar nurse,18.7,10
ar odedara,27.4,5
ar patel,26.1,10
ar pitcher,30.0,1
ar white,10.3,10
arafat sunny,4.8,10
ari umeed,34.5,4
arshad ali,23.5,2
arshad khan,7.0,2
arshdeep singh,6.5,6
aryan lakra,20.8,10
as hansra,26.2,10
as joseph,13.1,10
as luseno,0.0,2
as tanke,20.5,2
as van beuge,9.71,7
asad ali,6.5,2
asad shafiq,14.8,10
ashfaq ahmed,7.6,10
asif ali,22.2,10
asif iqbal (1),8.0,2
asif khan,37.2,10
asmavia iqbal,12.9,10
ass fletcher,7.4,10
at carey,39.8,10
at nidamanuru,22.8,10
at rayudu,24.7,10
au rashid,9.7,10
av lalcheta,9.0,2
avesh khan,5.75,4
ay karim,0.0,2
ayan khan,28.3,10
ayasha rahman,40.67,3
ayesha naseem,8.25,4
ayesha zafar,12.9,10
azhar ali,25.3,10
azhar mahmood,14.0,9
b bezuidenhout,21.9,10
b bhandari,23.0,10
b biza,24.44,9
b cooper,17.0,10
b de leede,20.4,10
b evans,5.2,10
b fernando,8.67,3
b geeves,10.0,1
b kumar,8.3,10
b laughlin,1.0,1
b lee,19.9,10
b leephatthana,10.0,3
b mavuta,9.2,10
b muzarabani,3.4,10
b regmi,6.0,2
b sai sudharsan,42.33,3
b sharki,26.2,10
b shikongo,1.3,10
b siddharth,2.33,3
b stanlake,0.8,5
b tau,15.38,8
b ward,17.25,4
b zuiderent,14.8,10
ba carse,12.6,10
ba king,13.8,10
ba langston,21.0,1
ba murphy,1.5,2
ba parchment,17.83,6
ba stokes,54.4,10
ba westdijk,0.0,2
ba williams,3.5,4
babar azam,32.4,10
babar hayat,32.1,10
badal singh,5.0,1
bam heath,14.75,4
basil hameed,21.5,10
basir ahamad,4.67,3
batool fatima,12.8,5
baw mendis,5.3,10
bazid khan,26.2,5
bb chari,11.0,10
bb mccullum,27.5,10
bb seebaran,2.0,2
bc fortuin,8.29,7
bc lara,35.5,10
bcj cutting,26.5,2
bd glover,7.0,4
bdh stevens,1.0,1
be hendricks,6.0,4
bfw de leede,28.7,10
bg lister,3.33,3
bg rogers,35.88,8
bikram sob,1.0,4
bilal asif,13.33,3
bilal khan,0.6,10
bilawal bhatti,12.71,7
bismah maroof,24.6,10
bj bennett,42.38,8
bj curran,62.6,5
bj currie,4.67,3
bj diamanti,26.0,1
bj dwarshuis,20.33,3
bj haddin,20.5,10
bj hodge,32.0,10
bj mccarthy,9.7,10
bj mcmullen,28.7,10
bj patel,11.8,10
bj watling,8.7,10
bkg mendis,44.6,10
bl kotze,6.75,4
bl mooney,20.2,10
bm anusha,2.0,1
bm duckett,55.0,10
bm halliday,29.7,10
bm scholtz,7.6,10
bm tickner,2.67,6
bm wheeler,14.5,4
bmaj mendis,9.3,10
bmsm kumari,9.2,10
bn cooper,16.44,9
bo van rooi,8.67,3
bop fernando,18.5,8
bp kruger,8.0,1
bp loots,5.0,3
bp nash,10.5,2
br dorey,2.0,1
br mcdermott,44.6,5
brm taylor,37.9,10
bt foakes,61.0,1
btj wheal,7.83,6
bv sears,5.5,2
bv vitori,6.0,10
bw hilfenhaus,3.22,9
bya mendis,18.38,8
c abel,3.0,6
c bosch,24.0,3
c brits,41.71,7
c campher,36.6,10
c carmichael,32.0,2
c carter,13.88,8
c cassell,4.0,1
c chatonzwa,9.75,4
c connolly,3.33,3
c de grandhomme,14.4,10
c de lange,10.1,10
c floyd,3.0,4
c green,40.3,10
c hemraj,13.67,6
c jonker,15.5,2
c karunaratne,15.7,10
c kieswetter,23.6,10
c madande,24.5,10
c mcauslan,17.5,2
c munro,18.1,10
c murray,5.7,10
c overton,13.6,5
c prasad,6.0,1
c prathyusha,2.0,1
c raack,1.0,1
c sakariya,0.0,1
c sutthiruang,12.9,10
c tear,29.7,10
c viljoen,9.5,2
c white,19.75,4
c wickramasinghe,19.33,3
c zhuwao,19.25,8
ca henry,28.5,10
ca ingram,13.5,10
ca lynn,18.75,4
ca pujara,10.2,5
ca reid,4.0,2
ca soper,6.1,10
ca young,9.5,10
cah stevenson,8.0,10
cak rajitha,7.7,10
cak walton,6.62,8
cb lambert,39.0,1
cb mpofu,2.2,10
cb sole,6.2,10
cb wishart,11.6,10
cbrls kumara,4.1,10
cc dalton,18.0,1
cd collymore,3.2,10
cd cumming,7.0,6
cd de lange,13.0,5
cd mcmillan,34.5,10
cd wallace,23.2,10
ce coulter reilly,18.89,9
ce dean,19.0,10
ce mcconchie,25.2,5
cg williams,19.4,10
ch gayle,32.2,10
ch morris,17.5,10
ch van koolwijk,8.33,3
chirag suri,22.7,10
cj anderson,12.0,10
cj bowes,16.5,6
cj chibhabha,13.7,10
cj dala,4.0,2
cj ferguson,15.9,10
cj jordan,6.9,10
cj mckay,8.5,10
cj metcalfe,3.5,6
cj nevin,11.86,7
cj smith,5.4,5
cja amini,15.7,10
cjo smith,17.44,9
ck coventry,17.5,10
ck holder,0.0,1
ck hooper,2.0,2
ck kapugedera,17.4,10
ck kruger,1.5,2
ck langeveldt,5.6,10
ck tshuma,0.0,1
ckb kulasekara,12.67,3
cl cairns,23.8,10
cl hooper,18.6,5
cl tryon,31.7,10
cl white,10.3,10
cm beggs,1.0,1
cm edwards,35.4,10
cm mcbride,22.8,10
cm wright,13.5,6
cma shillington,19.89,9
cmg atkins,58.5,2
cmw read,10.2,10
cn ackermann,17.9,10
cn greaves,17.0,10
cn nation,14.6,10
cnim joyce,25.33,9
co browne,18.0,8
co obuya,36.8,10
cp jack,17.0,1
cp rizwan,18.4,10
cp tremain,7.67,3
cr brathwaite,22.2,10
cr ervine,29.8,10
cr foggo,6.0,1
cr pagydyala,68.67,3
cr seneviratna,14.78,9
cr woakes,16.3,10
crd fernando,3.8,10
cs baugh,18.2,10
cs fraser,8.1,10
cs macleod,58.6,10
cs martin,2.0,1
cs mugeri-tiripano,40.5,10
cs terblanche,19.0,2
ct dhururu,13.8,10
ct mumba,5.33,6
ct mutombodzi,13.56,9
ct tremlett,4.2,10
cw perchard,10.33,3
cz harris,8.2,10
d bau,16.25,8
d birrell,0.0,1
d bishoo,9.1,10
d brevis,15.5,4
d brown,4.0,1
d cleaver,32.0,1
d daesrath,31.0,1
d devnarain,12.5,10
d dhingra,32.11,9
d elgar,14.86,7
d foxcroft,0.0,1
d gamage,1.5,2
d ganga,21.71,7
d gough,10.7,10
d hazell,13.62,8
d hemalatha,12.12,8
d heyliger,12.2,10
d joseph,3.25,4
d keulder,22.0,6
d khanal,25.7,10
d la cock,16.8,10
d lakshan,2.0,1
d langford-smith,8.78,9
d lohia,3.67,3
d madushanka,4.0,9
d mohammed,0.0,1
d mongia,21.1,10
d murphy,4.5,2
d myers,19.71,7
d parashar,18.78,9
d pretorius,11.6,10
d prins,3.5,2
d ramdin,27.6,10
d ravu,11.7,10
d soraine,1.5,2
d tucker,10.67,6
d van niekerk,45.1,10
d vihanga,7.0,3
d wiese,28.7,10
da gunawardene,17.0,10
da marillier,24.9,10
da miller,34.5,10
da minors,13.0,8
da warner,51.7,10
daj bracewell,20.7,10
danish aziz,6.0,2
danish kaneria,1.8,5
das gunaratne,16.3,10
db kotze,13.67,6
db sharma,30.6,10
dbl powell,4.2,10
dc drakes,5.5,2
dc thomas,11.1,10
dcc borden,5.75,4
dd ebrahim,21.4,10
ddp d'silva,10.6,5
de bernard,13.4,10
de bollinger,7.14,7
de budge,14.2,10
dem carter,22.5,10
des maxwell,18.0,3
df watts,16.25,8
dg blampied,3.5,2
dg brownlie,29.5,10
dhiman ghosh,10.9,10
di allan,9.0,2
di joyce,9.67,3
diana baig,8.2,10
dilara akter,10.5,2
dj bravo,21.0,10
dj hooda,21.86,7
dj hussey,25.3,10
dj malan,59.5,10
dj mitchell,42.4,10
dj reekers,7.6,5
dj willey,13.3,10
dj worrall,6.0,1
djg sammy,30.0,10
djm short,26.38,8
djs dottin,21.4,10
dk butler,8.0,2
dl blake,0.0,1
dl chahar,23.88,8
dl hemp,21.3,10
dl vettori,10.2,10
dls van bunge,22.7,10
dm braat,3.0,2
dm bravo,21.5,10
dm de silva,18.2,10
dm dupavillon,17.0,1
dm kimmince,12.33,3
dm richards,25.57,7
dn wellalage,18.1,10
dn wyatt,19.7,10
dnt zoysa,4.5,8
do leicher,27.75,4
do obuya,14.5,10
dod rikhi,3.0,1
dolar mahmud,15.25,4
dp conway,30.8,10
dp hyatt,12.44,9
dp vaidya,18.86,7
dpmd jayawardene,30.3,10
dr brown,18.0,4
dr chumney,19.1,10
dr flynn,16.7,10
dr martyn,36.8,10
dr mousley,23.0,3
dr smith,19.3,10
dr tuffey,13.9,10
ds airee,19.6,10
ds bajwa,13.5,8
ds kulkarni,13.5,2
ds lehmann,35.6,10
ds smith,16.6,10
ds weerakkody,24.33,3
dsk madushanka,7.0,1
dt christian,11.5,10
dt hondo,3.2,10
dt johnston,10.8,10
dt tiripano,14.8,10
dw steyn,12.2,10
e bisht,3.5,10
e bosch,7.0,1
e chigumbura,12.0,10
e claridge,15.8,5
e lewis,23.2,10
e malinga,2.8,5
e marx,13.25,4
e mbofana,5.5,4
e otieno,3.0,7
e schiferli,9.88,8
ea osborne,8.6,10
ea perry,29.1,10
eaj richardson,17.67,6
ebadat hossain,0.5,6
ec joyce,37.5,10
ec perry,7.0,3
ec rainsford,0.8,10
eh hutchinson,20.5,6
ehsan adil,6.75,4
ehsan khan,9.8,10
ehsan nawaz,4.83,6
ehsanul haque,9.33,3
ehsn silva,7.0,1
ej carson,0.5,6
ej richardson,12.0,1
ej tice,1.0,2
ej villani,24.2,10
ejb miles,0.5,2
ejg morgan,29.7,10
el arlott,7.0,1
el lamb,27.8,10
el watson,6.25,8
elias sunny,0.5,4
em bermingham,9.1,10
ema mcleod,5.0,2
emdy munaweera,7.5,2
en lynch,9.8,10
enamul haque jnr,2.67,3
es szwarczynski,25.9,10
ethan d'souza,4.5,2
f behardien,15.6,10
f chipare,3.33,6
f du plessis,45.4,10
f hand,0.0,1
f kasteni,4.5,2
f mutizwa,18.3,10
f overdijk,13.8,10
f tunnicliffe,7.5,2
f walters,8.0,2
fa allen,17.5,10
fa sargent,5.14,7
fahad alhashmi,0.0,2
fahad nawaz,1.0,2
faheem ashraf,13.5,10
fahima khatun,13.4,10
faisal athar,9.0,1
faisal hossain,8.67,3
faisal iqbal,16.75,8
fakhar zaman,41.0,10
fargana hoque,31.3,10
farhad reza,8.9,10
fariha trisna,0.0,4
fatima sana,19.0,10
fawad ahmed,4.0,1
fawad alam,28.9,10
fayyaz ahmed,20.5,2
fayyaz butt,12.1,10
fazle mahmud,0.0,2
fc jonas,1.4,10
fc wilson,19.7,10
fdm karunaratne,33.8,10
fdw mccreath,34.25,8
fg kemp,22.2,5
fh allen,16.6,10
fh edwards,4.4,10
fj klaassen,3.8,10
fl mackay,10.5,10
fl reifer,14.33,6
fr davies,2.6,5
frj coleman,20.0,8
fy fazal,55.0,1
g bloemen,7.0,4
g chapple,14.0,1
g coetzee,8.14,7
g dempsey,5.7,10
g fontenla,1.0,1
g gambhir,24.9,10
g hoey,12.0,2
g kirsten,31.0,6
g kodali,13.2,5
g malla,16.3,10
g motie,26.2,10
g onions,1.0,1
g singh,34.4,10
g snyman,1.25,4
g sultana,12.2,5
g toka,10.7,10
g voll,57.67,3
g wareham,17.6,10
ga elwiss,18.4,10
ga guy,0.0,1
ga lamb,15.3,10
ga manou,7.0,1
ga rogers,16.0,2
gb brent,13.6,10
gb hogg,15.0,10
gb murgatroyd,15.0,6
gc bhogle,13.67,6
gc smith,28.4,10
gc tonge,3.33,3
gc wilson,19.5,10
gd drummond,10.0,1
gd elliott,25.1,10
gd mcgrath,1.4,10
gd phillips,35.3,10
ge plimmer,29.5,10
gef barnett,19.0,5
gf linde,13.5,2
gh bodi,41.5,2
gh dockrell,16.9,10
gh lewis,42.1,10
gh o'brien,2.0,1
gh worker,27.2,10
ghulam fatima,1.57,7
ghulam shabber,19.1,10
gi hume,8.12,8
gi maiden,12.0,1
gj bailey,28.8,10
gj batty,6.25,4
gj delany,12.9,10
gj hopkins,18.0,10
gj maxwell,9.7,10
gj mccarter,1.0,1
gj rennie,12.5,4
gj whittall,14.75,4
gjp kruger,0.0,2
gm ewing,12.83,6
gm hamilton,17.3,10
gm harris,2.6,5
gm strydom,13.4,5
go jones,20.1,10
gp swann,11.0,10
gp tom,4.75,4
gr codrington,13.33,6
gs ballance,20.0,10
gsnfg jayasuriya,20.11,9
gt main,27.33,3
gull feroza,2.67,3
gulsan jha,22.9,10
gurkeerat singh,6.5,2
gw flower,21.4,10
gwhm perera,24.3,10
h carlyon,31.25,4
h davids,4.0,2
h deol,34.9,10
h durham,4.0,1
h graham,4.0,1
h hiri,18.8,10
h karunaratne,10.3,10
h kaur,35.4,10
h klaasen,49.3,10
h madavi,48.9,10
h masakadza,14.6,10
h osinde,1.38,8
h patel,17.6,10
h shah,4.5,2
h thaker,29.1,10
ha varaiya,4.1,10
habibul bashar,14.8,10
haider ali,21.0,2
ham samuddika,9.57,7
hammad azam,13.17,6
hammad mirza,24.0,10
hamza tahir,3.25,8
hamza tariq,19.8,5
hannan sarkar,24.5,10
hapw jayawardene,2.0,2
harbhajan singh,11.2,10
haris rauf,7.4,10
haris sohail,40.2,10
harmeet singh,20.4,10
harshit rana,13.0,1
hasan ali,10.3,10
hasan mahmud,3.6,10
hasd siriwardene,13.9,10
haseeb amjad,21.0,1
haseebullah khan,0.0,1
hashir dafedar,9.67,3
hasibul hossain,2.33,3
hassan nawaz,37.33,3
hassnain shah,23.33,3
hazrat bilal,6.0,4
hb shipley,3.0,6
hc brook,28.7,10
hc knight,16.3,10
hd rutherford,3.75,4
hdj siegers,21.0,5
hdpk dharmasena,16.12,8
hdrl thirimanne,24.4,10
hdrs silva,12.5,2
he van der dussen,28.3,10
he whelan,2.0,1
hf gurney,2.5,6
hg munsey,67.6,10
hgv vare,4.0,5
hh dippenaar,28.9,10
hh gibbs,35.4,10
hh pandya,23.8,10
hh streak,35.1,10
hhc gunaratne,4.33,3
his mendis,6.5,2
hj armitage,26.0,3
hj thomas,8.43,7
hjc mol,10.5,4
hjh marshall,11.5,10
hjw gardiner,20.29,7
hk badani,27.0,5
hk bennett,2.0,5
hk matthews,41.4,10
hk olonga,3.0,1
hl baker,3.0,1
hl colvin,7.25,4
hl ferling,2.25,4
hm amla,26.8,10
hm nicholls,27.0,10
hm rowe,16.8,10
hm tiffen,33.0,1
hm watson,15.0,1
hmcm bandara,10.7,10
hmd rasangika,29.0,8
hml madushani,1.5,2
hmrkb herath,5.9,10
hn ya france,19.3,10
hnk jensen,7.2,10
hp rinke,3.5,8
hp tillakaratne,27.2,10
hr huddleston,4.3,10
hr johnson,4.5,2
hr walsh,7.9,10
hra rainey,3.67,6
hs baidwan,7.3,10
hs modi,16.4,10
ht tector,29.9,10
hussain talat,18.75,4
hw rambaldo,9.5,2
hwa landheer,3.29,7
hwr cartwright,1.0,2
i dulani,8.67,3
i kaia,17.9,10
i maraj,16.33,6
i ranaweera,5.5,10
i sharma,2.5,10
i toua,5.86,7
i udana,8.8,10
i van der woning,3.25,4
i wardlaw,2.25,8
ia karim,65.33,3
ia nicolson,0.0,1
ic gaze,15.2,10
id blackwell,7.9,10
idr bradshaw,7.9,10
ie o'brien,1.5,2
iecm wong,15.0,1
iftikhar ahmed,28.1,10
iftikhar anjum,6.5,10
ig butler,9.75,8
ig holland,29.2,10
ih romaine,11.0,10
ij harvey,14.1,10
ijl trott,40.3,10
ijr zwilling,11.2,10
ik pathan,18.4,10
im vaghela,9.0,5
imad wasim,22.6,10
imam-ul-haq,24.6,10
imhc joyce,25.12,8
imran farhat,28.2,10
imran haider,4.8,10
imran nazir,32.6,10
imran tahir,3.9,10
imrul kayes,46.4,10
inzamam-ul-haq,19.2,10
ipp batuwitarachchi,7.0,2
ir bell,45.7,10
ir james,25.5,2
iram javed,15.9,10
irfan ahmed,18.33,3
irfan khan,8.0,6
is billcliff,22.3,10
is sodhi,9.8,10
is sohi,0.0,1
ishan kishan,37.6,10
ishma tanjim,8.0,3
j anderson,19.67,6
j andrew,4.0,2
j blackwood,7.67,3
j blades,0.0,1
j botha,13.8,10
j campbell,4.0,2
j charles,26.1,10
j da silva,7.0,2
j drysdale,2.0,1
j edness,29.75,4
j figy john,27.5,2
j fraser-mcgurk,14.0,7
j glasgow,16.43,7
j goswami,10.2,10
j gray,15.5,4
j gumbie,18.9,10
j jarvis,5.5,10
j kariko,4.0,2
j kila,12.5,10
j lewis,6.14,7
j little,6.2,10
j liyanage,36.2,10
j logtenberg,3.0,2
j louw,23.0,1
j maguire,7.0,10
j matharu,3.5,2
j mubarak,18.1,10
j nkomo,19.0,10
j nyumbu,2.6,10
j overton,10.0,5
j pashley,2.0,1
j patraj,10.5,2
j post,5.0,3
j ramanandi,2.0,1
j sharma,8.5,2
j smits,9.0,8
j srinath,3.88,8
j sumerauer,28.0,3
j theron,4.5,10
j van vliet,8.75,4
j yadav,1.5,2
ja burns,24.33,6
ja clarkson,8.5,2
ja duffy,2.4,5
ja mccollum,29.67,6
ja morkel,16.3,10
ja richardson,11.62,8
ja rudolph,25.3,10
ja simpson,10.0,2
ja turner,2.0,1
ja whelan,0.0,1
jad lawrenson,44.25,4
jah marshall,5.5,6
jahanara alam,5.5,10
jahurul islam,21.5,10
jai prakash yadav,3.0,4
jaker ali,41.0,8
jamaluddin ahmed,18.0,1
jannatul ferdus,6.0,5
jar blain,11.17,6
jasdeep singh,8.1,10
jaskaran singh,12.67,3
jatinder singh,37.7,10
javed omar,25.8,10
javeria khan,14.1,10
javeria rauf,5.5,2
jay odedra,3.88,8
jb nero,10.33,3
jb reva,3.75,4
jc archer,12.7,10
jc balt,17.5,2
jc buttler,22.9,10
jc carroll,0.0,1
jc hartenhof,1.0,1
jc tredwell,10.4,10
jd campbell,49.6,5
jd nel,3.0,2
jd ryder,26.2,10
jdf vandersay,4.3,10
jdp oram,15.9,10
jds neesham,17.9,10
je cameron,32.2,10
je dunford,2.0,3
je root,55.8,10
je taylor,6.3,10
jec franklin,15.2,10
jf kloppenburg,37.25,4
jf mooney,9.9,10
jf smith,66.0,2
jg bethell,28.3,10
jh davey,9.9,10
jh desai,16.0,1
jh kallis,13.5,10
jh stander,17.0,2
ji de villiers,4.0,7
ji rodrigues,46.1,10
jj atkinson,21.0,4
jj bumrah,7.2,10
jj celestine,9.33,3
jj davidson,9.5,4
jj esmeijer,1.5,2
jj krejza,6.5,2
jj roy,33.1,10
jj smit,8.0,10
jj tucker,17.6,10
jj van der wath,11.12,8
jjc lawson,3.67,3
jk kamande,7.8,10
jkc claxton,22.25,4
jl aras,5.0,1
jl carter,24.4,10
jl denly,32.3,10
jl gunn,14.7,10
jl hunter,16.0,1
jl jonassen,7.9,10
jl ontong,16.17,6
jl pattinson,5.86,7
jl smith,27.1,10
jm anderson,6.9,10
jm bairstow,22.6,10
jm cox,7.33,3
jm davison,21.7,10
jm fields,26.88,8
jm how,11.6,10
jm kemp,27.7,10
jm kerr,11.6,10
jm mennie,0.5,2
jm vince,32.6,10
jm watkin,6.0,4
jm willathgamuwa,6.67,3
jn frylinck,23.5,10
jn gillespie,10.0,10
jn hamilton,5.0,1
jn loftie-eaton,18.2,10
jn malan,20.0,10
jn mohammed,10.1,10
jn rhodes,2.0,1
jnk shannon,2.0,1
jnt seales,6.5,8
jnt vare,7.0,5
jo holder,20.9,10
jo ngoche,3.67,3
jo troughton,7.2,5
joa gordon,2.75,8
joginder sharma,5.0,1
joseph angara,0.0,1
jp behrendorff,3.5,6
jp bray,23.4,10
jp duminy,17.3,10
jp faulkner,13.6,10
jp greaves,28.5,10
jp inglis,35.5,10
jp kotze,17.2,10
jp maher,20.33,6
jpr lamsam,16.0,1
jr hazlewood,1.8,10
jr hopes,27.4,10
jr philippe,21.67,3
js ababu,0.0,2
js malhotra,32.1,10
js patel,7.9,10
jt ball,6.33,6
jt brassell,0.4,5
jt smuts,36.0,5
jubair hossain,5.0,1
junaid khan,2.1,10
junaid siddique,1.2,10
junaid siddiqui,9.83,6
jv harris,15.17,6
jw dernbach,2.38,8
jw hastings,18.9,10
jw jenner,29.75,4
jw ogle-thomas,5.0,2
jw wilson,1.0,1
jwa taylor,39.6,10
jwm dalrymple,9.7,10
k bhurtel,25.2,10
k birkenstock,11.5,10
k chigora,3.0,2
k christie,0.0,1
k doriga,21.5,10
k frank,10.0,7
k fraser,22.9,10
k gore,13.4,10
k goud,2.0,2
k gowtham,2.0,1
k kamyuka,2.0,1
k kavindi,8.5,2
k klein,12.5,10
k mahato,0.5,2
k meso,8.0,2
k ndlovu,18.4,10
k phillip,0.0,1
k pierre,19.5,2
k rabada,8.6,10
k ramharack,6.0,10
k schultz,0.0,1
k sinclair,12.67,3
k sonavale,1.67,3
k thomson,26.0,2
k verreynne,35.8,10
k weeraratne,24.0,5
k whatham,18.0,1
k zondo,24.33,6
ka blackwell,3.0,1
ka edwards,22.4,10
ka hope,23.0,6
ka jamieson,13.14,7
ka maharaj,7.5,10
ka pollard,25.9,10
kabir ali,6.75,8
kad hurdle,3.12,8
kada kanchana,14.3,10
kainat imtiaz,10.2,10
kaj roach,4.0,10
kaleem sana,5.3,10
kaleemullah,3.0,10
kamran akmal,24.5,10
kamran ghulam,30.0,7
kamran hussain,28.0,1
kamran shazad,0.0,1
kar hodge,12.33,3
karan kc,20.4,10
kashif daud,11.1,10
kaynat hafeez,4.0,1
kc brathwaite,27.8,10
kc hodsoll,2.0,1
kc sangakkara,81.3,10
kd karthik,19.1,10
kd mills,12.7,10
kd shah,16.0,7
kdk vithanage,12.5,6
kdu prabodhani,2.7,10
ke broadmore,4.5,2
ke bryce,59.4,10
ke ebrahim,13.0,4
ked carroll,9.33,3
kh brunt,16.4,10
kh butt,4.0,2
kh pandya,32.5,4
kh prajapati,27.0,10
khadija tul kubra,3.0,8
khaled ahmed,0.5,2
khaled mahmud,14.9,10
khaled mashud,14.9,10
khalid kail,23.4,5
khalid latif,29.4,5
khawar ali,28.1,10
khrk fernando,1.5,2
khurram chohan,8.56,9
khurram khan,26.33,9
khurram manzoor,34.33,6
khurram nawaz,13.0,2
khushdil shah,27.6,10
kic asalanka,45.6,10
kj abbott,4.2,10
kj coetzer,18.8,10
kj garth,9.5,10
kj harding,1.0,1
kj martin,22.5,10
kj o'brien,16.2,10
kjj van noortwijk,47.0,3
kk ahmed,4.0,2
kk nair,23.0,2
kl cross,11.8,10
kl george,9.0,1
kl rahul,24.4,10
kl rolton,1.0,2
kl tucker,0.0,1
km beams,4.5,6
km dabengwa,16.9,10
km jadhav,16.3,10
km jarvis,12.9,10
kma paul,12.7,10
kmc bandara,1.0,1
kmdn kulasekara,14.6,10
kna bandara,28.2,5
knm fernando,26.0,7
ko meth,8.17,6
ko otieno,7.1,10
koa powell,14.2,10
kok williams,4.75,4
kp meiyappan,6.0,10
kp pietersen,38.6,10
kr mayers,17.4,10
kr sen,2.0,1
krishna chandran,8.43,7
ks airee,9.0,3
ks gautam,11.0,2
ks lokuarachchi,12.8,10
ks williamson,50.8,10
kt maphaka,0.33,3
kt perkins,23.7,10
kt sandher,2.0,1
ktgd prasad,12.0,10
ku carty,59.0,10
kuldeep yadav,3.9,10
kushal malla,14.2,10
kv jain,17.33,6
kv morea,6.2,10
kw richardson,7.3,10
ky ottley,10.25,4
kycia a knight,12.2,10
kyshona a knight,18.0,10
l balaji,9.3,10
l cheatle,6.5,2
l delany,27.4,10
l egging,1.0,1
l filer,3.43,7
l goodall,13.4,10
l gregory,58.5,2
l jack,14.12,8
l klusener,20.38,8
l lee,24.0,10
l little,4.17,6
l louwrens,25.4,10
l mabhero,1.0,6
l maritz,10.33,3
l mccarthy,0.0,1
l ngidi,4.3,10
l paul,22.3,10
l phiri,6.75,8
l rajadurai,6.67,3
l ronchi,22.6,10
l shetty,8.0,1
l siaka,24.0,10
l sipamla,7.0,2
l sreekumar,19.0,3
l tshuma,18.9,10
l tucker,30.5,10
l vincent,17.6,10
l winfield,19.3,10
l winfield-hill,22.5,10
l wolvaardt,43.2,10
l wood,10.0,1
la dawson,12.6,5
la marsh,9.6,10
la mcbride,2.0,1
lata mondal,13.0,10
lb williams,5.67,3
lc boylan,15.5,2
lc romero,0.5,2
lc sthalekar,17.0,7
lcn smith,14.0,1
ld chandimal,22.1,10
ld madushanka,3.5,4
ldvv silva,17.0,2
le bosman,25.8,10
le kaushalya,16.2,10
le milliken,1.0,1
le plunkett,8.0,10
lh ferguson,4.2,10
lhd dilhara,12.25,4
liton das,7.1,10
lj burger,1.83,6
lj hamilton,2.0,1
lj poulton,8.33,3
lj woodcock,7.0,2
lj wright,15.6,10
lk bell,3.78,9
lk ebsary,23.0,1
lk o'reilly,3.0,4
ll tsotsobe,4.4,10
lm hoitink,0.0,2
lm jongwe,11.5,10
lm kasperek,8.8,10
lmm tahuhu,8.3,10
lmp simmons,30.5,10
ln mccarthy,3.0,4
ln onyango,15.25,4
ln rajbanshi,0.1,10
ln roche,2.0,2
lob cann,21.4,10
lovepreet singh,4.5,2
lp van troost,12.44,9
lpc silva,18.7,10
lr doolan,12.25,4
lr down,13.4,10
lr johnson,6.33,3
lr morris,0.0,1
lr naylor,17.0,2
lrpl taylor,32.0,10
ls baker,3.67,3
ls greenway,28.9,10
ls livingstone,31.8,10
lv van beek,16.5,10
m bhanuka,23.33,6
m commins,6.0,1
m daniels,4.86,7
m de ridder,15.0,3
m dillon,4.4,10
m du preez,17.8,10
m faisal,15.0,2
m faraz akram,3.0,2
m gill,24.8,5
m jansen,16.1,10
m joshi,5.0,4
m kaif,21.9,10
m kapp,38.4,10
m karg,22.5,2
m kartik,12.75,8
m klaas,3.6,10
m kornet,0.0,2
m labuschagne,13.8,10
m levitt,29.2,10
m madara,0.67,3
m mangru,7.75,4
m mani,27.0,2
m mavunga,1.33,3
m mccoll,20.8,10
m morkel,6.9,10
m mpongwana,1.0,1
m mupachikwa,32.0,10
m muralitharan,6.7,10
m musonda,12.9,10
m nanayakkara,4.67,3
m ntini,3.4,10
m pathirana,2.0,5
m patwardhan,0.5,2
m prasidh krishna,0.33,6
m pushpakumara,7.0,1
m raj,28.9,10
m shehani,11.0,1
m shiraz,1.0,1
m shumba,6.67,6
m smit,23.5,4
m spoors,20.0,4
m terblanche,20.0,4
m theekshana,8.6,10
m van jaarsveld,7.25,4
m van lingen,41.8,10
m van schoor,11.6,5
m vijay,22.4,10
m zondeki,0.5,2
ma abbas,34.67,3
ma agarwal,17.2,5
ma aponso,1.43,7
ma carberry,19.0,6
ma jones,20.5,10
ma leask,21.0,10
ma ouma,15.0,10
ma starc,6.2,10
ma suji,5.14,7
ma vermeulen,15.8,10
ma wood,9.3,10
maa sanjeewani,17.2,10
maahi madhavan,1.0,1
madd surangika,21.7,10
madi hemantha,5.67,3
maham tariq,1.0,3
mahbubul alam,40.5,2
mahedi hasan,12.2,10
mahmudullah,34.8,10
manjural islam,0.67,3
manjural islam rana,20.5,10
mansoor amjad,5.0,1
marina iqbal,17.12,8
marufa akter,4.2,10
mashrafe mortaza,6.5,10
mb kruger,22.7,10
mb loye,20.29,7
mbs jonkman,6.67,3
mc henriques,8.5,10
mc patel,6.5,2
mc sorensen,17.0,7
md bates,13.0,1
md dai,27.7,10
md du preez,4.67,3
md gunathilaka,48.5,10
md patel,36.3,10
md shanaka,14.5,10
mdk perera,12.1,10
mdkj perera,17.5,10
mdn hansika,12.9,10
mdt kamini,39.22,9
me bouchier,30.0,10
me sanuth,23.0,2
me trescothick,41.3,10
mec de fouw,5.5,2
meghna singh,4.71,7
mehedi hasan miraz,24.4,10
mehrab hossain jnr,18.3,10
mehran khan,16.5,4
mek hussey,31.2,10
melanie ani,0.0,2
memo scott-hayward,5.5,2
mf fahey,0.0,1
mf kendal,10.0,3
mf maharoof,12.5,10
mg bevan,22.9,10
mg bracewell,20.0,10
mg erasmus,21.6,10
mg johnson,7.9,10
mg neser,2.75,4
mh cross,22.4,10
mh yardy,16.9,10
mhw papps,16.0,2
milind kumar,47.8,10
misbah-ul-haq,50.0,10
mj bulow,50.0,1
mj clarke,34.0,10
mj cosgrove,39.0,2
mj fourie,2.5,2
mj guptill,41.1,10
mj hay,33.2,5
mj henry,4.1,10
mj hoggard,2.5,2
mj humphreys,2.0,3
mj lumb,55.0,3
mj mason,4.0,5
mj mcclenaghan,10.1,10
mj north,3.0,2
mj potts,7.5,6
mj prior,21.6,10
mj santner,11.8,10
mj swepson,2.0,1
mjg nielsen,4.17,6
mjg rippon,28.0,4
mk pandey,20.8,10
mk tiwary,28.3,10
mk villiers,10.67,3
mkdi amerasinghe,1.67,3
mkgcp lakshitha,4.0,1
ml cummins,2.5,2
ml green,32.2,10
ml hayden,34.4,10
ml lewis,4.0,1
ml nkala,12.5,10
ml patel,7.5,2
ml schutt,3.7,10
ml udawatte,30.38,8
mm ali,14.5,10
mm english,107.0,1
mm iqbal,8.0,2
mm lanning,44.7,10
mm letsoalo,2.83,6
mm patel,2.2,10
mm penfold,1.71,7
mm sharma,3.44,9
mma jonkman,13.0,1
mn samuels,27.1,10
mn van wyk,23.0,10
mn waller,27.4,10
mnk fernando,17.8,5
mo jones,9.67,6
mo odumbe,32.4,10
mohammad aadil alam,17.5,4
mohammad ali,0.0,1
mohammad amir,11.1,10
mohammad ashraful,9.6,10
mohammad asif,1.8,10
mohammad boota,24.71,7
mohammad hafeez,31.0,10
mohammad haris,6.0,5
mohammad hasnain,7.57,7
mohammad iqbal,16.5,2
mohammad irfan,0.8,10
mohammad kashif,1.0,1
mohammad mithun,22.5,10
mohammad nadeem,23.8,10
mohammad naim,14.5,4
mohammad naveed,8.8,10
mohammad nawaz,14.8,10
mohammad nawaz (3),12.3,10
mohammad rafique,6.7,10
mohammad rizwan,35.8,10
mohammad saifuddin,15.6,10
mohammad salman,7.33,3
mohammad sami,9.3,10
mohammad shahzad,16.33,6
mohammad talha,0.0,1
mohammad tauqir,4.86,7
mohammad wasim,8.1,10
mohammad yousuf,17.7,10
mohammed qasim,22.75,4
mohammed shami,4.1,10
mohammed siraj,3.5,10
moin khan,13.6,10
mominul haque,17.1,10
moniruzzaman,0.5,2
mosaddek hossain,15.5,10
mosharraf hossain,5.5,4
mp breetzke,94.5,4
mp kuhnemann,8.0,2
mp o'dowd,42.9,10
mp stoinis,18.8,10
mp vaughan,20.9,10
mq sheikh,3.0,2
mr adair,13.6,10
mr aguilleira,13.2,10
mr gillespie,8.0,10
mr johnson,10.0,2
mr marsh,52.0,10
mr meshram,16.5,10
mr swart,11.8,5
mrittunjoy chowdhury,8.0,1
mrj watt,15.6,10
ms atapattu,20.1,10
ms chapman,41.3,10
ms dhoni,33.0,10
ms kashyap,8.0,1
ms kasprowicz,2.75,4
ms panesar,3.71,7
ms sinclair,25.4,10
ms tshabalala,2.0,1
ms wade,13.9,10
mt chinouya,3.0,2
mt herbert,1.0,1
mudassar bukhari,11.8,10
muhammad farooq,2.0,2
muhammad jawadullah,1.67,9
muhammad musa,9.0,1
muhammad usman,39.0,10
mujibur ali,12.5,4
mukesh kumar,5.0,2
muneeba ali,36.6,10
munir dar,9.0,2
murshida khatun,13.6,10
musa ahmed,19.9,10
mushfiqur rahim,22.2,10
mushfiqur rahman,14.8,10
mustafizur rahman,4.2,10
muzahir raza,10.0,1
mv boucher,14.3,10
mv waldron,12.6,10
mvt fernando,3.75,8
mw forde,17.2,10
mw machan,38.2,10
mw parkinson,7.0,1
mw short,24.9,10
mwa van nierop,4.0,1
n boje,19.0,10
n boochatham,16.0,10
n burger,4.25,4
n chaiwai,21.5,10
n chantam,36.3,10
n davin,15.4,10
n de klerk,21.2,10
n deonarine,18.3,10
n dickwella,27.5,10
n dutta,14.0,5
n fernandes,5.0,1
n gwanzura,11.0,8
n hussain,14.11,9
n ifill,8.0,2
n koncharoenkai,16.8,10
n kruger,5.0,1
n m'shangwe,9.5,4
n madziva,7.38,8
n mlaba,3.1,10
n niranjana,4.0,6
n pokana,4.8,10
n pooran,51.9,10
n pradeep,1.7,10
n rana,7.0,1
n shangase,15.4,10
n shree charani,6.0,1
n sibanda,7.4,10
n vanua,16.7,10
n vare,17.25,8
na de groot,7.33,6
na greenwood,8.75,4
na moodley,5.0,1
na rock,3.5,2
na statham,3.5,2
nadeem ahmed,5.3,10
naeem islam,27.4,10
nafees iqbal,14.22,9
nahid rana,2.0,2
nahida akter,10.7,10
nahida khan,21.6,10
nain abidi,20.2,10
najeeb amar,17.0,2
najiha alvi,16.7,10
nam mclean,5.0,1
nanthita boonsukham,0.0,1
naseem khushi,13.4,10
naseem shah,13.8,10
nashra sandhu,2.4,10
nasir aziz,40.5,2
nasir hossain,9.1,10
nasir jamshed,10.0,10
nasir javed,2.0,1
nasum ahmed,17.33,9
natalia pervaiz,15.83,6
naumanullah,5.0,1
navdeep saini,21.4,5
naved latif,3.5,2
naved-ul-hasan,16.5,10
nazimuddin,13.6,10
nazmul hossain,1.67,9
nazmul hossain shanto,33.4,10
nazmul islam,7.0,1
nb mahwire,5.0,8
nc dodd,16.11,9
nd mckenzie,26.0,7
ne bolton,29.9,10
ne bonner,14.17,6
ne farrant,13.67,3
nestor dhamba,4.6,5
nf kelly,16.33,3
nfi mccallum,23.3,10
ng jones,3.5,2
ng smith,5.14,7
ngrp jayasuriya,5.5,2
nida dar,18.4,10
nigar sultana,39.2,10
nishita akter nishi,2.0,1
nizakat khan,33.8,10
nj astle,20.0,10
nj browne,23.83,6
nj carey,13.6,10
nj coffey,8.0,1
nj o'brien,23.6,10
nk crafton,13.0,1
nk patel,8.9,10
nk yadav,10.0,1
nl mccullum,12.2,10
nltc perera,16.2,10
nm carter,0.0,1
nm coulter-nile,17.6,10
nm hauritz,13.9,10
nm lyon,6.5,10
nm sheikh,10.0,1
nn odhiambo,13.6,10
nnd de silva,25.8,10
no miller,7.4,10
np kenjige,5.6,10
nr kirton,20.2,10
nr kumar,13.9,10
nr sciver,60.7,10
nr sciver-brunt,39.6,10
nrj croes,22.6,10
ns dhaliwal,32.3,10
ns poonia,2.0,6
nt broom,29.7,10
nt ellis,8.7,10
nt pascal,0.0,1
nurul hasan,33.0,5
nuzhat tasnia,8.0,2
nv knight,25.4,10
nv ojha,1.0,1
nw bracken,3.5,10
ny mclean,19.4,10
o bell,6.4,5
o chare,3.0,1
o davidson,14.0,1
o kamchomphu,4.1,10
o kirsten,22.0,1
o prendergast,29.8,10
o thomas,2.2,10
oa shah,26.5,10
oac banks,22.5,2
oc mccoy,0.0,1
oeg baartman,4.33,3
of smith,24.88,8
ol pitcher,9.33,3
omid shafi rahman,0.5,2
oo bascome,17.0,1
op stone,4.0,6
ou ranasinghe,9.2,10
ov anderson,46.0,1
p jayawickrama,2.33,3
p khadka,31.5,8
p kumar,8.1,10
p litchfield,26.0,10
p marange,13.89,9
p maya,9.6,10
p molkenboer,22.5,6
p mujaji,12.29,7
p mustard,24.33,9
p nissanka,32.4,10
p roy,2.5,2
p sarraf,7.2,10
p siaka,22.86,7
p subrayen,1.0,1
p utseya,8.7,10
p vastrakar,24.2,10
pa browne,26.8,5
pa chatterji,19.9,10
pa de silva,32.6,10
pa desai,2.0,1
pa hitchcock,6.4,5
pa jaques,24.6,5
pa nixon,21.0,10
pa patel,12.7,10
pa van meekeren,5.1,10
padlr sandakan,3.6,10
pankaj singh,3.0,1
panna ghosh,10.62,8
pargat singh,31.7,10
parp perera,16.5,2
parveen kumar,10.25,4
parvez hossain emon,36.0,3
pbb rajapaksa,17.8,5
pc connell,3.0,2
pc de silva,12.83,6
pd collingwood,16.5,10
pd macchi,6.0,2
pd mcglashan,31.5,2
pd salt,32.8,10
pdrl perera,1.25,4
pg fulton,21.8,10
pg gillespie,1.0,2
pg raut,43.3,10
phkd mendis,23.3,10
pht kaushal,0.0,1
pj cummins,18.0,10
pj forrest,13.0,10
pj hughes,31.8,10
pj ingram,27.57,7
pj moor,15.7,10
pj ongondo,3.3,10
pj scholfield,19.67,3
pj te beest,1.5,2
pjc hoffmann,10.0,3
pjk mooney,5.5,2
pkd chase,2.75,8
pl mommsen,34.2,10
pls gamage,0.8,5
pm inglis,21.5,2
pm liyanagamage,4.67,6
pm pushpakumara,5.5,2
pm seelaar,12.7,10
pm siddle,5.17,6
pm weerakkody,16.7,10
pn sproul,7.0,4
pooja ganesh,16.33,3
poonam yadav,3.2,10
pp chawla,3.5,10
pp ojha,5.11,9
pp shaw,31.5,6
pr stirling,32.7,10
pratika rawal,48.0,10
pratis gc,11.0,1
prcs kumarihami,16.6,10
priya mishra,1.5,4
prp boissevain,11.0,3
ps athavale,14.71,7
ps masvaure,20.0,2
ps punia,19.8,10
psp handscomb,33.2,10
pt collins,0.6,5
pvd chameera,8.5,10
pw borren,33.4,10
pw gunaratne,15.0,1
pwa mulder,19.1,10
pwdm badalge,5.5,2
pwh de silva,17.1,10
py lavine,8.0,1
q de kock,58.0,10
q joseph,27.4,10
qadeer ahmed,0.67,3
qaiser ali,7.6,5
qanita jalil,3.56,9
r ashwin,6.2,10
r boyce,6.0,5
r chopra,27.3,10
r clarke,10.11,9
r dhakal,2.5,2
r dhar,26.5,2
r dhawan,6.0,2
r dravid,30.4,10
r gunasekera,15.9,10
r hekure,14.7,10
r kanoh,12.5,8
r klein,4.22,9
r macdonald-gay,17.0,1
r malhotra,23.6,5
r mclaren,8.1,10
r murray,21.6,5
r mutumbami,10.1,10
r ngarava,9.6,10
r ntozakhe,1.14,7
r parag,15.0,1
r pasipanodya,13.4,5
r powell,13.2,10
r rampaul,6.7,10
r ravindra,46.6,10
r rijke,21.5,10
r sharma,1.0,2
r shepherd,13.1,10
r slater,22.5,4
r stokell,15.3,10
r telemachus,13.67,3
r trumpelmann,15.7,10
r vinay kumar,8.3,10
r walters,0.0,2
ra jadeja,17.0,10
ra jones,32.0,3
ra lewis,1.0,2
ra mair,3.3,10
ra mariu,38.0,2
ra reifer,10.2,5
ra rolfe,0.0,1
rabeya khan,4.4,10
rabiya shah,13.33,6
rachel delaney,7.2,10
rahat ali,1.6,5
rajin saleh,12.8,10
rameen shamim,6.8,5
rameez shahzad,23.6,10
rap nissanka,5.17,6
raqibul hasan,9.8,10
ras lakmal,7.6,10
rashid latif,14.1,10
rashid zia,4.5,2
ravi bishnoi,4.0,1
ravinderpal singh,15.4,5
raza hasan,0.0,1
raza-ur-rehman,43.5,4
rc irani,8.38,8
rd berrington,42.5,10
rd chahar,13.0,1
rd gaikwad,19.17,6
rd jacobs,8.6,10
rd mccann,11.5,2
rd rickelton,29.8,10
rd shah,24.9,10
rd steede,7.5,2
rdm leverock,5.0,9
re van der merwe,11.1,10
rehan ahmed,8.75,4
renuka singh,1.6,10
reon king,3.0,1
rg aga,22.8,5
rg sharma,40.1,10
rh candy,5.0,2
rh priest,24.8,10
rh scholte,4.0,2
rishad hossain,16.33,6
ritu moni,20.9,10
rizwan cheema,11.4,10
rj harris,5.33,9
rj nicol,16.6,10
rj peterson,20.0,10
rj rolls,2.0,1
rj sidebottom,10.0,10
rj trott,23.75,4
rj van vuuren,5.2,5
rjw topley,1.4,10
rk kleinveldt,15.0,7
rk paudel,18.5,10
rk singh,27.5,2
rk whelan,2.5,2
rl bhudia,22.0,1
rl chase,24.5,10
rl grundy,1.0,1
rl haynes,52.8,10
rl johnson,5.33,3
rl powell,12.1,10
rm farrell,15.33,6
rm ghosh,23.7,10
rm haq,5.8,10
rm jariwala,7.5,4
rm patidar,22.0,1
rm van oosterom,3.75,4
rm west,0.0,1
rmau grimmond,18.25,4
rml taylor,11.67,9
rmmp rathnayake,22.0,1
rms eranga,3.2,10
rmvd gunaratne,27.8,10
rn bhatia,5.67,9
rn lewis,16.75,8
rn ten doeschate,43.5,10
ro hinds,8.0,1
ro hurley,4.0,2
ro hussain,10.0,1
robiul islam,0.0,1
rohan mustafa,10.2,10
rony talukdar,4.0,1
rp alexander,17.0,2
rp arnold,14.0,10
rp burl,30.3,10
rp lefebvre,10.75,4
rp singh,9.0,10
rp yadav,14.75,4
rr beaton,7.5,2
rr emrit,6.5,2
rr hendricks,29.1,10
rr joshi,3.0,1
rr pant,32.6,10
rr patel,16.8,10
rr powar,6.4,10
rr ramdass,1.0,1
rr rossouw,41.3,10
rr sarwan,14.4,10
rr watson,22.9,10
rs bopara,24.2,10
rs gavaskar,11.62,8
rs gayakwad,1.0,10
rs higgins,1.0,2
rs kaluwitharana,17.71,7
rs morton,22.3,10
rs vandort,3.33,3
rs williams,6.8,10
rt crandon,5.0,1
rt lyons,5.0,1
rt ponting,13.3,10
rtm mendis,12.5,4
rubel hossain,2.8,10
rumana ahmed,19.4,10
rumman raees,6.75,4
rv uthappa,17.0,10
rw chakabva,28.3,10
rw price,8.9,10
rw sims,24.0,1
rw staple,2.0,2
rwt key,9.0,4
s asha,8.0,1
s badrinath,13.17,6
s baker,0.0,1
s bau,18.0,10
s bhari,3.67,6
s chanderpaul,28.9,10
s chattergoon,31.22,9
s chaturongrattana,2.6,5
s daniel,12.0,1
s dhakal,1.17,6
s dhamala,12.0,1
s dhaniram,21.8,10
s dhawan,18.6,10
s dube,10.75,4
s ecclestone,9.2,10
s forbes,24.6,10
s fouché,26.1,10
s gajnabi,8.0,10
s glenn,10.83,6
s horley,55.2,5
s immadi,1.33,3
s ismail,4.2,10
s jafta,9.2,10
s jimmy,14.75,8
s jora,11.2,5
s joseph,3.67,3
s jyoti,9.5,2
s kalyan,13.75,4
s kaul,1.0,1
s khiaoto,21.2,5
s lackay,0.0,1
s lamichhane,13.5,10
s laomi,7.4,10
s loubser,10.75,4
s luus,20.9,10
s macmahon,13.5,8
s mahmood,4.83,6
s mandhana,58.7,10
s matsikenyeri,14.6,10
s meghana,38.0,3
s molineux,8.0,8
s mostary,13.6,10
s movva,18.2,10
s mukuddem,22.5,4
s muthusamy,5.0,3
s naidu,0.0,1
s naik,6.25,4
s nisansala,4.0,5
s nitschke,40.5,2
s pandey,12.2,10
s prasanna,7.0,10
s rana,4.7,10
s randiv,18.8,10
s samarawickrama,17.1,10
s sharma,4.0,1
s shrivastava,4.2,5
s siegers,2.2,5
s snater,10.5,2
s sreesanth,3.0,10
s sriharsha,28.57,7
s sriram,3.0,1
s thuraisingam,6.5,4
s tippoch,9.89,9
s tyagi,1.0,1
s verma,8.8,10
s vesawkar,20.67,3
sa abbott,22.5,10
sa campbelle,16.1,10
sa edwards,38.6,10
sa engelbrecht,29.8,10
sa fritz,5.6,5
sa millanta,7.5,2
sa wijeratne,21.22,9
sa yadav,23.6,10
saad ali,5.5,2
saad bin zafar,13.9,10
saad nasim,33.0,3
sabahat rasheed,2.0,1
sabbir rahman,26.6,10
sabir ali,4.0,3
saca king,14.0,9
sadaf shamas,15.7,10
sadia iqbal,2.6,10
sadia yousuf,1.0,10
saeed ajmal,2.8,10
saeed anwar,43.6,5
sagar pun,3.0,1
saim ayub,46.0,10
sajjida shah,25.67,3
saleem elahi,28.43,7
salma khatun,12.1,10
salman butt,26.6,10
salman faris,0.0,1
sami aslam,19.5,4
sami faridi,16.0,1
sana javed,22.67,3
sana mir,16.2,10
sandeep goud,15.6,10
sania khan,2.0,2
sanjida islam,11.62,8
sanwar hossain,12.78,9
saqib ali,14.5,2
saqib zulfiqar,15.8,10
saqlain haider,10.0,3
saqlain mushtaq,4.25,4
sarfraz ahmed,16.9,10
saud shakeel,30.7,10
sb bangar,2.67,3
sb styris,26.6,10
sc ganguly,28.4,10
sc getkate,11.5,2
sc joseph,15.4,5
sc kuggeleijn,11.0,1
sc meaker,1.0,2
sc selman,6.6,10
sc taylor,38.5,2
sc van schalkwyk,15.33,9
sc williams,31.0,10
scj broad,8.7,10
sd heazlett,4.0,1
sd hope,43.9,10
sd outerbridge,8.0,9
sd udal,0.0,1
sdns karunaratne,8.5,2
se aley,15.0,1
se bond,8.1,10
se findlay,22.0,4
se marsh,23.7,10
se rutherford,49.1,10
sea ruck,2.33,3
sf burger,5.5,2
sf daley,10.8,10
sf mire,9.0,10
sfm devine,35.0,10
sg borthwick,9.0,2
sg satghare,2.0,1
sg whittingham,1.67,3
sh johnson,6.0,2
shabbir ahmed,1.0,6
shadab khan,17.7,10
shafali verma,12.1,10
shafiul islam,3.0,10
shahadat hossain,3.7,10
shahbaz ahmed,0.0,1
shaheen shah afridi,10.1,10
shahid afridi,25.6,10
shahid ahmadzai,6.33,6
shahid wasif,10.0,6
shahnawaz dhani,4.0,1
shahriar hossain,0.0,1
shahriar nafees,18.8,10
shahzaib hasan,33.33,3
shaila sharmin,8.43,7
shaiman anwar,23.2,10
shakeel ahmed,9.9,10
shakib al hasan,31.3,10
shamim hossain,11.2,5
shamima sultana,20.4,10
shamsur rahman,29.56,9
shan masood,18.11,9
shariz ahmad,9.7,10
sharjeel khan,39.2,10
sharmin akhter,47.1,10
sharmin sultana,6.6,10
shathira jakir,0.0,1
shawaal zulfiqar,5.0,3
shayan jahangir,20.9,10
shivam sharma,19.67,6
shoaib akhtar,1.7,10
shoaib khan,22.4,10
shoaib malik,21.7,10
shoriful islam,5.7,10
shorna akter,11.8,10
sht kandamby,11.3,10
shubman gill,48.8,10
shuvagata hom,23.33,3
si galagedara,0.0,2
si kamea,1.1,10
si mahmood,6.7,10
sidra ameen,30.3,10
sidra nawaz,12.2,10
sikandar raza,33.7,10
simandeep singh,0.0,1
simi singh,29.5,10
sip fernando,1.67,9
sir dunkley,21.4,10
sj andrews,16.0,1
sj baard,18.5,10
sj benn,5.4,10
sj bryce,29.8,10
sj cameron,4.5,2
sj coyte,19.25,8
sj elliott,8.0,1
sj harmison,4.8,10
sj massiah,11.5,2
sj mcglashan,16.0,10
sj modani,20.0,10
sj myburgh,26.9,10
sj swanepoel,8.6,5
sj taylor,14.5,10
sj tsukigawa,39.0,1
sk atai,4.1,10
sk dolawatte,5.33,3
sk naidu,0.0,1
sk patel,33.8,10
sk raina,22.7,10
sk warne,0.0,1
skhawat ali,6.0,3
skw kelly,7.0,1
sl kalis,21.2,5
sl malinga,4.6,10
sl quintyne,16.71,7
sl stewart,6.5,4
sm benade,25.0,4
sm boland,2.25,4
sm curran,26.9,10
sm davies,30.5,8
sm ervine,18.5,10
sm harwood,0.0,1
sm katich,33.2,10
sm kavanagh,12.5,10
sm mayers,16.2,10
sm pollock,23.5,10
sm sharif,9.0,10
sm sharma,14.44,9
sm warnapura,15.0,2
sma priyanjan,14.4,10
smsm senanayake,5.3,10
sn netravalkar,3.2,10
sn thakur,7.2,10
so dowrich,6.0,1
so hetmyer,11.3,10
so ngoche,7.4,5
so tikolo,9.3,10
sohag gazi,11.0,10
sohaib maqsood,20.9,10
sohail khan,4.17,6
sohail tanvir,11.6,10
sompal kami,20.3,10
soumya sarkar,33.8,10
sp de alwis,14.0,2
sp fleming,35.3,10
sp jones,1.0,1
sp khakurel,15.6,5
sp krishnamurthi,24.2,10
sp narine,8.1,10
sp patil,19.12,8
sp terry,8.0,2
spd smith,30.3,10
sr clark,5.4,10
sr hain,53.0,2
sr mukkamalla,35.6,10
sr patel,19.4,10
sr patil,3.5,2
sr taylor,18.2,10
sr tendulkar,31.5,10
sr thadani,6.0,1
sr thompson,14.5,10
sr waters,9.57,7
sr watson,27.9,10
srh curtis,19.5,8
ss connell,2.9,10
ss cottrell,6.1,10
ss grimmond,8.0,6
ss iyer,43.9,10
ss kang,8.33,3
ss mckechnie,12.17,6
ss pathirana,24.2,10
ss tiwary,24.5,2
ss weerakkody,12.1,10
ssb magala,3.6,5
ssd arachchige,29.67,3
ssj brooks,15.0,10
st doheny,18.33,9
st finn,3.0,10
st gabriel,2.0,10
st jayasuriya,22.8,10
steven ryan taylor,46.0,1
str binny,23.0,10
subashis roy,1.0,1
sufiyan muqeem,5.0,3
sufyan mehmood,15.29,7
suhrawadi shuvo,9.8,10
sultan ahmed,9.0,2
sultana khatun,4.44,9
sultana yesmin,0.0,1
sumaiya akter,0.0,1
sumaiya siddiqi,9.0,3
sunzamul islam,19.0,1
suraiya azmin,0.0,1
suraj kumar,21.1,10
surya tamang,10.0,1
sv bahutule,11.0,1
sv carlisle,18.33,6
sv samson,39.2,10
sw ambris,15.7,10
sw bates,22.3,10
sw billings,36.4,10
sw currie,5.0,2
sw masakadza,13.62,8
sw poynter,10.57,7
sw tait,4.17,6
syed rasel,2.7,10
syeda aroob shah,0.0,1
sz thakor,7.67,6
t banton,28.67,6
t bavuma,30.7,10
t bhatia,7.0,10
t brits,42.7,10
t chetty,10.4,10
t de zorzi,42.6,10
t duffin,24.89,9
t granger,12.67,3
t gwandu,2.0,3
t kaitano,11.5,10
t kamungozi,2.78,9
t lungameni,2.2,10
t makusha,1.0,2
t maruma,10.2,10
t marumani,16.1,10
t mayes,8.0,1
t mishra,23.1,10
t mufudza,1.0,1
t munyonga,18.12,8
t mupariwa,2.2,10
t muzarabani,1.67,6
t panyangara,8.0,10
t putthawong,7.1,10
t ruma,29.0,8
t sangha,2.0,3
t shamsi,3.0,10
t stubbs,29.3,10
t suri,18.2,5
t taibu,24.1,10
t thushara,10.5,10
t van der gugten,14.5,8
ta blundell,23.5,10
ta boult,4.0,10
tabarak dar,22.5,2
taijul islam,8.9,10
talha jubair,4.0,1
tam siriwardana,17.1,10
tamim iqbal,27.0,10
tanbir hayder,2.5,2
tanveer ahmed,1.33,3
tanvir ahmed,18.0,1
tanvir islam,5.67,3
tanwir afzal,15.3,10
tanzid hasan,36.1,10
tanzim hasan sakib,14.89,9
tapash baisya,8.4,10
tareq aziz,2.0,1
taskin ahmed,8.1,10
tasqeen qadeer,16.0,3
taufeeq umar,24.1,10
tayyab tahir,18.1,10
tb robinson,16.0,3
tb sole,6.33,6
tbm de leede,12.56,9
tc bastiampillai,17.8,5
tc bruce,11.0,1
tcb fernando,6.0,3
td astle,19.75,4
td paine,16.0,10
td smartt,3.4,10
tg gordon,5.75,4
tg norris,19.67,3
tg southee,6.1,10
th david,11.25,4
tharika sewwandi,1.0,1
tilak varma,17.0,4
tj bishop,0.0,1
tj friend,18.86,7
tj heggelman,11.5,2
tj murtagh,6.4,10
tjg pringle,1.5,4
tk canning,6.5,2
tk curran,23.2,10
tk musakanda,23.33,9
tk patel,11.83,6
tl best,4.5,10
tl chatara,3.3,10
tl chivanga,6.0,3
tl seifert,19.67,3
tlw cooper,35.1,10
tm dilshan,28.3,10
tm dowlin,22.8,10
tm head,48.6,10
tm mcgrath,20.1,10
tm odoyo,16.3,10
tmk mawoyo,8.29,7
tmm newton,6.33,6
tn de grooth,8.75,8
towhid hridoy,37.6,10
tp ura,38.3,10
tp visee,24.0,3
tr ambrose,2.0,5
tr gripper,11.5,2
tr sadhu,3.0,3
ts chisoro,12.11,9
ts hasabnis,23.33,6
ts kamunhukamwe,9.4,10
ts nethula,4.0,3
ts roland-jones,37.0,1
ts sekhukhune,3.0,8
tss mackintosh,18.78,9
tt beaumont,42.3,10
tt bresnan,10.4,10
tt samaraweera,15.7,10
tuba hassan,12.25,4
tushar imran,8.9,10
tv mufambisi,11.25,4
tw hartley,12.0,1
twm latham,26.2,10
u bhagwan,13.0,2
u bhatti,15.0,8
u raymond-hoey,9.25,8
u thimashini,2.0,1
udu chandana,9.9,10
umaima sohail,15.6,10
umair ali,10.0,1
umar akmal,28.1,10
umar amin,19.1,10
umar gul,6.0,10
umm-e-hani,3.9,10
umran malik,0.67,3
urooj mumtaz,11.67,3
usama mir,9.5,4
usman khan,39.0,1
usman khan (2),12.0,1
usman limbada,30.75,4
usman rafiq,14.0,2
usman salahuddin,6.5,2
usman shinwari,1.5,4
ut khawaja,46.1,10
ut yadav,3.5,10
utkarsh srivastava,37.5,2
uwmbca welegedara,1.33,3
v araa,10.14,7
v aravind,23.1,10
v buruka,0.0,4
v kohli,33.3,10
v krishnamurthy,26.5,10
v permaul,4.75,4
v sehwag,23.8,10
v shankar,27.71,7
v shetty,7.0,1
v shukla,20.57,7
v sibanda,23.6,10
v sukumaran,19.4,10
vab tewarie,4.0,1
vb van jaarsveld,4.5,2
vc drakes,6.44,9
vce wattenberg,0.0,2
vd philander,4.8,10
vikramjit singh,22.7,10
vj kingma,1.5,10
vm nyauchi,8.6,5
vr aaron,2.67,3
vr iyer,12.0,2
vr vanitha,25.0,2
vrv singh,8.0,1
vs solanki,22.0,10
vv morea,17.75,8
vvs laxman,32.9,10
w barresi,15.8,10
w jaffer,5.0,2
w madhevere,23.5,10
w mwayenga,0.5,2
w o'rourke,1.5,4
w sutherland,18.0,1
wa agar,25.0,2
wa young,19.4,10
wahab riaz,15.3,10
waheed ahmed,12.17,6
waqar younis,4.25,4
waqas barkat,6.25,4
waqas khan,13.0,4
waseem muhammad,24.5,10
washington sundar,16.5,10
wasim akram,14.2,5
wasim ali,9.0,6
wb rankin,4.5,10
wca ganegama,7.0,1
wd balaji rao,4.4,5
wd parnell,15.6,10
wf stelling,20.0,2
wg jacks,22.5,10
wgakk kulasuriya,4.6,10
wia fernando,33.3,10
wk dilhari,30.4,10
wk mccallan,7.7,10
wp masakadza,17.5,10
wp myburgh,0.0,1
wp saha,8.2,5
wpujc vaas,7.3,10
ws jayantha,22.89,9
wt gavera,4.0,1
wts porterfield,26.2,10
wu tharanga,13.5,10
ww hinds,14.8,10
xc bartlett,8.0,1
xj doherty,5.5,10
xm marshall,19.9,10
y cariah,13.29,7
y fourie,0.33,3
y punja,1.0,1
y van der westhuizen,11.5,2
y venugopal rao,20.12,8
yasir ali chowdhury,20.2,5
yasir arafat,12.8,5
yasir hameed,29.3,10
yasir mohammad,2.5,2
yasir shah,11.3,10
ybk jaiswal,15.0,1
yh bhatia,18.8,10
yk pathan,11.6,10
younis khan,22.8,10
yousuf youhana,41.6,10
ys chahal,6.1,10
ys samra,28.67,6
yuvraj singh,37.2,10
z crawley,24.88,8
z groenewald,2.0,2
z james,14.0,10
z khan,7.3,10
z mali,1.0,2
zafar gohar,15.0,1
zaheer maqsood,5.0,1
zahid hussain,4.5,2
zahid mahmood,4.5,2
zahid shah,5.5,2
zahoor khan,2.3,10
zain abbas,26.0,1
zakir hasan,1.0,1
zawar farid,16.5,8
zb lion-cachet,20.0,10
ze green,15.9,10
ze surkari,15.88,8
zeeshan maqsood,19.3,10
zeeshan siddiqi,7.0,1
ziaur rahman,8.3,10
zubayr hamza,56.0,1
zuhaib zubair,12.67,3
zulfiqar babar,7.0,5
zulqarnain haider,12.0,4
